Workbook

Sheet Raw Data
A1: Date | B1: Month No | C1: Month Name | D1: Day Name | E1: Room Type | F1: Total Rooms | G1: Rooms Occupied | H1: Occupancy % | I1: ADR($) | J1: RevPAR ($) | K1: Total Revenue | L1: Booking Channel
A2: 45292 | B2: =MONTH(A2) -> 1 | C2: =TEXT(A2,"MMMM") -> January | D2: =TEXT(A2,"dddd") -> Monday | E2: Standard | F2: 40 | G2: 33 | H2: =G2/F2 -> 0.825 | I2: 89 | J2: =I2*H2 -> 73.425 | K2: =I2*G2 -> 2937 | L2: Direct
A3: 45293 | B3: =MONTH(A3) -> 1 | C3: =TEXT(A3,"MMMM") -> January | D3: =TEXT(A3,"dddd") -> Tuesday | E3: Deluxe | F3: 30 | G3: 21 | H3: =G3/F3 -> 0.7 | I3: 89 | J3: =I3*H3 -> 62.3 | K3: =I3*G3 -> 1869 | L3: Direct
A4: 45294 | B4: =MONTH(A4) -> 1 | C4: =TEXT(A4,"MMMM") -> January | D4: =TEXT(A4,"dddd") -> Wednesday | E4: Suite | F4: 15 | G4: 9 | H4: =G4/F4 -> 0.6 | I4: 89 | J4: =I4*H4 -> 53.4 | K4: =I4*G4 -> 801 | L4: Direct
A5: 45295 | B5: =MONTH(A5) -> 1 | C5: =TEXT(A5,"MMMM") -> January | D5: =TEXT(A5,"dddd") -> Thursday | E5: Executive | F5: 10 | G5: 8 | H5: =G5/F5 -> 0.8 | I5: 89 | J5: =I5*H5 -> 71.2 | K5: =I5*G5 -> 712 | L5: Direct
A6: 45296 | B6: =MONTH(A6) -> 1 | C6: =TEXT(A6,"MMMM") -> January | D6: =TEXT(A6,"dddd") -> Friday | E6: Penthouse | F6: 5 | G6: 5 | H6: =G6/F6 -> 1 | I6: 89 | J6: =I6*H6 -> 89 | K6: =I6*G6 -> 445 | L6: Direct
A7: 45297 | B7: =MONTH(A7) -> 1 | C7: =TEXT(A7,"MMMM") -> January | D7: =TEXT(A7,"dddd") -> Saturday | E7: Standard | F7: 40 | G7: 36 | H7: =G7/F7 -> 0.9 | I7: 89 | J7: =I7*H7 -> 80.1 | K7: =I7*G7 -> 3204 | L7: Direct
A8: 45298 | B8: =MONTH(A8) -> 1 | C8: =TEXT(A8,"MMMM") -> January | D8: =TEXT(A8,"dddd") -> Sunday | E8: Standard | F8: 40 | G8: 25 | H8: =G8/F8 -> 0.625 | I8: 89 | J8: =I8*H8 -> 55.625 | K8: =I8*G8 -> 2225 | L8: Direct
A9: 45299 | B9: =MONTH(A9) -> 1 | C9: =TEXT(A9,"MMMM") -> January | D9: =TEXT(A9,"dddd") -> Monday | E9: Standard | F9: 40 | G9: 32 | H9: =G9/F9 -> 0.8 | I9: 89 | J9: =I9*H9 -> 71.2 | K9: =I9*G9 -> 2848 | L9: Direct
A10: 45300 | B10: =MONTH(A10) -> 1 | C10: =TEXT(A10,"MMMM") -> January | D10: =TEXT(A10,"dddd") -> Tuesday | E10: Deluxe | F10: 30 | G10: 24 | H10: =G10/F10 -> 0.8 | I10: 89 | J10: =I10*H10 -> 71.2 | K10: =I10*G10 -> 2136 | L10: Direct
A11: 45301 | B11: =MONTH(A11) -> 1 | C11: =TEXT(A11,"MMMM") -> January | D11: =TEXT(A11,"dddd") -> Wednesday | E11: Standard | F11: 40 | G11: 36 | H11: =G11/F11 -> 0.9 | I11: 89 | J11: =I11*H11 -> 80.1 | K11: =I11*G11 -> 3204 | L11: Direct
A12: 45302 | B12: =MONTH(A12) -> 1 | C12: =TEXT(A12,"MMMM") -> January | D12: =TEXT(A12,"dddd") -> Thursday | E12: Standard | F12: 40 | G12: 28 | H12: =G12/F12 -> 0.7 | I12: 89 | J12: =I12*H12 -> 62.3 | K12: =I12*G12 -> 2492 | L12: Direct
A13: 45303 | B13: =MONTH(A13) -> 1 | C13: =TEXT(A13,"MMMM") -> January | D13: =TEXT(A13,"dddd") -> Friday | E13: Executive | F13: 10 | G13: 7 | H13: =G13/F13 -> 0.7 | I13: 89 | J13: =I13*H13 -> 62.3 | K13: =I13*G13 -> 623 | L13: Direct
... A367: 45657 | B367: =MONTH(A367) -> 12 | C367: =TEXT(A367,"MMMM") -> December | D367: =TEXT(A367,"dddd") -> Tuesday | E367: Penthouse | F367: 5 | G367: 3 | H367: =G367/F367 -> 0.6 | I367: 89 | J367: =I367*H367 -> 53.4 | K367: =I367*G367 -> 267 | L367: Walk-in

Sheet Monthly Summary
A1: Hotel Revenue - Monthly Summary 2024
A2: Performance Summary January 2024 - December 2024
A3: Month No | B3: Month Name | C3: Total Revenue | D3: Rooms Occuoied | E3: Avg Occupancy(%) | F3: Avg ADR($) | G3: Avg RevPAR($) | H3: Total Room Nights | I3: Best Day Revenue | J3: Worst Day Revenue | K3: MOM Growth %
A4: 1 | B4: =TEXT(DATE(2024,A4,1),"MMMM") -> January | C4: =SUMIF('Raw Data'!$B:$B,A4,'Raw Data'!$K:$K) -> 53489 | D4: =SUMIF('Raw Data'!$B:$B,A4,'Raw Data'!$G:$G) -> 601 | E4: =AVERAGEIF('Raw Data'!$B:$B,A4,'Raw Data'!$H:$H) -> 0.77876344 | F4: =AVERAGEIF('Raw Data'!$B:$B,A4,'Raw Data'!$I:$I) -> 89 | G4: =AVERAGEIF('Raw Data'!$B:$B,A4,'Raw Data'!$J:$J) -> 69.309946 | H4: =SUMIF('Raw Data'!$B:$B,A4,'Raw Data'!$F:$F) -> 780 | I4: =_xlfn.MAXIFS('Raw Data'!$K:$K,'Raw Data'!$B:$B,A4) -> 3382 | J4: =_xlfn.MINIFS('Raw Data'!$K:$K,'Raw Data'!$B:$B,A4) -> 356 | K4: N/A
A5: 2 | B5: =TEXT(DATE(2024,A5,1),"MMMM") -> February | C5: =SUMIF('Raw Data'!$B:$B,A5,'Raw Data'!$K:$K) -> 49128 | D5: =SUMIF('Raw Data'!$B:$B,A5,'Raw Data'!$G:$G) -> 552 | E5: =AVERAGEIF('Raw Data'!$B:$B,A5,'Raw Data'!$H:$H) -> 0.79166667 | F5: =AVERAGEIF('Raw Data'!$B:$B,A5,'Raw Data'!$I:$I) -> 89 | G5: =AVERAGEIF('Raw Data'!$B:$B,A5,'Raw Data'!$J:$J) -> 70.458333 | H5: =SUMIF('Raw Data'!$B:$B,A5,'Raw Data'!$F:$F) -> 710 | I5: =_xlfn.MAXIFS('Raw Data'!$K:$K,'Raw Data'!$B:$B,A5) -> 3115 | J5: =_xlfn.MINIFS('Raw Data'!$K:$K,'Raw Data'!$B:$B,A5) -> 267 | K5: =IFERROR((C5-C4)/C4,"") -> -0.081530782
A6: 3 | B6: =TEXT(DATE(2024,A6,1),"MMMM") -> March | C6: =SUMIF('Raw Data'!$B:$B,A6,'Raw Data'!$K:$K) -> 50819 | D6: =SUMIF('Raw Data'!$B:$B,A6,'Raw Data'!$G:$G) -> 571 | E6: =AVERAGEIF('Raw Data'!$B:$B,A6,'Raw Data'!$H:$H) -> 0.75833333 | F6: =AVERAGEIF('Raw Data'!$B:$B,A6,'Raw Data'!$I:$I) -> 89 | G6: =AVERAGEIF('Raw Data'!$B:$B,A6,'Raw Data'!$J:$J) -> 67.491667 | H6: =SUMIF('Raw Data'!$B:$B,A6,'Raw Data'!$F:$F) -> 745 | I6: =_xlfn.MAXIFS('Raw Data'!$K:$K,'Raw Data'!$B:$B,A6) -> 3382 | J6: =_xlfn.MINIFS('Raw Data'!$K:$K,'Raw Data'!$B:$B,A6) -> 267 | K6: =IFERROR((C6-C5)/C5,"") -> 0.03442029
A7: 4 | B7: =TEXT(DATE(2024,A7,1),"MMMM") -> April | C7: =SUMIF('Raw Data'!$B:$B,A7,'Raw Data'!$K:$K) -> 62389 | D7: =SUMIF('Raw Data'!$B:$B,A7,'Raw Data'!$G:$G) -> 701 | E7: =AVERAGEIF('Raw Data'!$B:$B,A7,'Raw Data'!$H:$H) -> 0.78972222 | F7: =AVERAGEIF('Raw Data'!$B:$B,A7,'Raw Data'!$I:$I) -> 89 | G7: =AVERAGEIF('Raw Data'!$B:$B,A7,'Raw Data'!$J:$J) -> 70.285278 | H7: =SUMIF('Raw Data'!$B:$B,A7,'Raw Data'!$F:$F) -> 910 | I7: =_xlfn.MAXIFS('Raw Data'!$K:$K,'Raw Data'!$B:$B,A7) -> 3293 | J7: =_xlfn.MINIFS('Raw Data'!$K:$K,'Raw Data'!$B:$B,A7) -> 356 | K7: =IFERROR((C7-C6)/C6,"") -> 0.22767075
A8: 5 | B8: =TEXT(DATE(2024,A8,1),"MMMM") -> May | C8: =SUMIF('Raw Data'!$B:$B,A8,'Raw Data'!$K:$K) -> 47793 | D8: =SUMIF('Raw Data'!$B:$B,A8,'Raw Data'!$G:$G) -> 537 | E8: =AVERAGEIF('Raw Data'!$B:$B,A8,'Raw Data'!$H:$H) -> 0.78736559 | F8: =AVERAGEIF('Raw Data'!$B:$B,A8,'Raw Data'!$I:$I) -> 89 | G8: =AVERAGEIF('Raw Data'!$B:$B,A8,'Raw Data'!$J:$J) -> 70.075538 | H8: =SUMIF('Raw Data'!$B:$B,A8,'Raw Data'!$F:$F) -> 685 | I8: =_xlfn.MAXIFS('Raw Data'!$K:$K,'Raw Data'!$B:$B,A8) -> 3382 | J8: =_xlfn.MINIFS('Raw Data'!$K:$K,'Raw Data'!$B:$B,A8) -> 267 | K8: =IFERROR((C8-C7)/C7,"") -> -0.2339515
A9: 6 | B9: =TEXT(DATE(2024,A9,1),"MMMM") -> June | C9: =SUMIF('Raw Data'!$B:$B,A9,'Raw Data'!$K:$K) -> 56070 | D9: =SUMIF('Raw Data'!$B:$B,A9,'Raw Data'!$G:$G) -> 630 | E9: =AVERAGEIF('Raw Data'!$B:$B,A9,'Raw Data'!$H:$H) -> 0.75277778 | F9: =AVERAGEIF('Raw Data'!$B:$B,A9,'Raw Data'!$I:$I) -> 89 | G9: =AVERAGEIF('Raw Data'!$B:$B,A9,'Raw Data'!$J:$J) -> 66.997222 | H9: =SUMIF('Raw Data'!$B:$B,A9,'Raw Data'!$F:$F) -> 825 | I9: =_xlfn.MAXIFS('Raw Data'!$K:$K,'Raw Data'!$B:$B,A9) -> 3293 | J9: =_xlfn.MINIFS('Raw Data'!$K:$K,'Raw Data'!$B:$B,A9) -> 712 | K9: =IFERROR((C9-C8)/C8,"") -> 0.17318436
A10: 7 | B10: =TEXT(DATE(2024,A10,1),"MMMM") -> July | C10: =SUMIF('Raw Data'!$B:$B,A10,'Raw Data'!$K:$K) -> 49128 | D10: =SUMIF('Raw Data'!$B:$B,A10,'Raw Data'!$G:$G) -> 552 | E10: =AVERAGEIF('Raw Data'!$B:$B,A10,'Raw Data'!$H:$H) -> 0.80430108 | F10: =AVERAGEIF('Raw Data'!$B:$B,A10,'Raw Data'!$I:$I) -> 89 | G10: =AVERAGEIF('Raw Data'!$B:$B,A10,'Raw Data'!$J:$J) -> 71.582796 | H10: =SUMIF('Raw Data'!$B:$B,A10,'Raw Data'!$F:$F) -> 685 | I10: =_xlfn.MAXIFS('Raw Data'!$K:$K,'Raw Data'!$B:$B,A10) -> 3293 | J10: =_xlfn.MINIFS('Raw Data'!$K:$K,'Raw Data'!$B:$B,A10) -> 534 | K10: =IFERROR((C10-C9)/C9,"") -> -0.12380952
A11: 8 | B11: =TEXT(DATE(2024,A11,1),"MMMM") -> August | C11: =SUMIF('Raw Data'!$B:$B,A11,'Raw Data'!$K:$K) -> 66572 | D11: =SUMIF('Raw Data'!$B:$B,A11,'Raw Data'!$G:$G) -> 748 | E11: =AVERAGEIF('Raw Data'!$B:$B,A11,'Raw Data'!$H:$H) -> 0.79811828 | F11: =AVERAGEIF('Raw Data'!$B:$B,A11,'Raw Data'!$I:$I) -> 89 | G11: =AVERAGEIF('Raw Data'!$B:$B,A11,'Raw Data'!$J:$J) -> 71.032527 | H11: =SUMIF('Raw Data'!$B:$B,A11,'Raw Data'!$F:$F) -> 935 | I11: =_xlfn.MAXIFS('Raw Data'!$K:$K,'Raw Data'!$B:$B,A11) -> 3382 | J11: =_xlfn.MINIFS('Raw Data'!$K:$K,'Raw Data'!$B:$B,A11) -> 267 | K11: =IFERROR((C11-C10)/C10,"") -> 0.35507246
A12: 9 | B12: =TEXT(DATE(2024,A12,1),"MMMM") -> September | C12: =SUMIF('Raw Data'!$B:$B,A12,'Raw Data'!$K:$K) -> 38092 | D12: =SUMIF('Raw Data'!$B:$B,A12,'Raw Data'!$G:$G) -> 428 | E12: =AVERAGEIF('Raw Data'!$B:$B,A12,'Raw Data'!$H:$H) -> 0.75916667 | F12: =AVERAGEIF('Raw Data'!$B:$B,A12,'Raw Data'!$I:$I) -> 89 | G12: =AVERAGEIF('Raw Data'!$B:$B,A12,'Raw Data'!$J:$J) -> 67.565833 | H12: =SUMIF('Raw Data'!$B:$B,A12,'Raw Data'!$F:$F) -> 570 | I12: =_xlfn.MAXIFS('Raw Data'!$K:$K,'Raw Data'!$B:$B,A12) -> 3382 | J12: =_xlfn.MINIFS('Raw Data'!$K:$K,'Raw Data'!$B:$B,A12) -> 267 | K12: =IFERROR((C12-C11)/C11,"") -> -0.42780749
A13: 10 | B13: =TEXT(DATE(2024,A13,1),"MMMM") -> October | C13: =SUMIF('Raw Data'!$B:$B,A13,'Raw Data'!$K:$K) -> 54557 | D13: =SUMIF('Raw Data'!$B:$B,A13,'Raw Data'!$G:$G) -> 613 | E13: =AVERAGEIF('Raw Data'!$B:$B,A13,'Raw Data'!$H:$H) -> 0.80698925 | F13: =AVERAGEIF('Raw Data'!$B:$B,A13,'Raw Data'!$I:$I) -> 89 | G13: =AVERAGEIF('Raw Data'!$B:$B,A13,'Raw Data'!$J:$J) -> 71.822043 | H13: =SUMIF('Raw Data'!$B:$B,A13,'Raw Data'!$F:$F) -> 755 | I13: =_xlfn.MAXIFS('Raw Data'!$K:$K,'Raw Data'!$B:$B,A13) -> 3115 | J13: =_xlfn.MINIFS('Raw Data'!$K:$K,'Raw Data'!$B:$B,A13) -> 267 | K13: =IFERROR((C13-C12)/C12,"") -> 0.43224299
A14: 11 | B14: =TEXT(DATE(2024,A14,1),"MMMM") -> November | C14: =SUMIF('Raw Data'!$B:$B,A14,'Raw Data'!$K:$K) -> 43610 | D14: =SUMIF('Raw Data'!$B:$B,A14,'Raw Data'!$G:$G) -> 490 | E14: =AVERAGEIF('Raw Data'!$B:$B,A14,'Raw Data'!$H:$H) -> 0.79916667 | F14: =AVERAGEIF('Raw Data'!$B:$B,A14,'Raw Data'!$I:$I) -> 89 | G14: =AVERAGEIF('Raw Data'!$B:$B,A14,'Raw Data'!$J:$J) -> 71.125833 | H14: =SUMIF('Raw Data'!$B:$B,A14,'Raw Data'!$F:$F) -> 625 | I14: =_xlfn.MAXIFS('Raw Data'!$K:$K,'Raw Data'!$B:$B,A14) -> 3382 | J14: =_xlfn.MINIFS('Raw Data'!$K:$K,'Raw Data'!$B:$B,A14) -> 267 | K14: =IFERROR((C14-C13)/C13,"") -> -0.20065253
A15: 12 | B15: =TEXT(DATE(2024,A15,1),"MMMM") -> December | C15: =SUMIF('Raw Data'!$B:$B,A15,'Raw Data'!$K:$K) -> 58473 | D15: =SUMIF('Raw Data'!$B:$B,A15,'Raw Data'!$G:$G) -> 657 | E15: =AVERAGEIF('Raw Data'!$B:$B,A15,'Raw Data'!$H:$H) -> 0.79354839 | F15: =AVERAGEIF('Raw Data'!$B:$B,A15,'Raw Data'!$I:$I) -> 89 | G15: =AVERAGEIF('Raw Data'!$B:$B,A15,'Raw Data'!$J:$J) -> 70.625806 | H15: =SUMIF('Raw Data'!$B:$B,A15,'Raw Data'!$F:$F) -> 820 | I15: =_xlfn.MAXIFS('Raw Data'!$K:$K,'Raw Data'!$B:$B,A15) -> 3382 | J15: =_xlfn.MINIFS('Raw Data'!$K:$K,'Raw Data'!$B:$B,A15) -> 267 | K15: =IFERROR((C15-C14)/C14,"") -> 0.34081633
A16: TOTAL | C16: =SUM(C4:C15) -> 630120 | D16: =SUM(D4:D15) -> 7080 | E16: =AVERAGE(E4:E15) -> 0.78499328 | F16: =AVERAGE(F4:F15) -> 89 | G16: =AVERAGE(G4:G15) -> 69.864402

Sheet Heatmap
A1: Occupancy Heatmap - Day of week x Month 2024
A3: Day/Month | B3: Jan | C3: Feb | D3: Mar | E3: Apr | F3: May | G3: Jun | H3: Jul | I3: Aug | J3: Sep | K3: Oct | L3: Nov | M3: Dec | N3: Average
A4: Monday | B4: =AVERAGEIFS('Raw Data'!H:H,'Raw Data'!B:B,1,'Raw Data'!D:D,"Monday") -> 0.81166667 | C4: =AVERAGEIFS('Raw Data'!H:H,'Raw Data'!B:B,2,'Raw Data'!D:D,"Monday") -> 0.86875 | D4: =AVERAGEIFS('Raw Data'!H:H,'Raw Data'!B:B,3,'Raw Data'!D:D,"Monday") -> 0.72083333 | E4: =AVERAGEIFS('Raw Data'!H:H,'Raw Data'!B:B,4,'Raw Data'!D:D,"Monday") -> 0.77666667 | F4: =AVERAGEIFS('Raw Data'!H:H,'Raw Data'!B:B,5,'Raw Data'!D:D,"Monday") -> 0.73541667 | G4: =AVERAGEIFS('Raw Data'!H:H,'Raw Data'!B:B,6,'Raw Data'!D:D,"Monday") -> 0.78541667 | H4: =AVERAGEIFS('Raw Data'!H:H,'Raw Data'!B:B,7,'Raw Data'!D:D,"Monday") -> 0.84833333 | I4: =AVERAGEIFS('Raw Data'!H:H,'Raw Data'!B:B,8,'Raw Data'!D:D,"Monday") -> 0.85416667 | J4: =AVERAGEIFS('Raw Data'!H:H,'Raw Data'!B:B,9,'Raw Data'!D:D,"Monday") -> 0.785 | K4: =AVERAGEIFS('Raw Data'!H:H,'Raw Data'!B:B,10,'Raw Data'!D:D,"Monday") -> 0.81875 | L4: =AVERAGEIFS('Raw Data'!H:H,'Raw Data'!B:B,11,'Raw Data'!D:D,"Monday") -> 0.78125 | M4: =AVERAGEIFS('Raw Data'!H:H,'Raw Data'!B:B,12,'Raw Data'!D:D,"Monday") -> 0.71333333 | N4: =AVERAGE(B4:M4) -> 0.79163194
A5: Tuesday | B5: =AVERAGEIFS('Raw Data'!H:H,'Raw Data'!B:B,1,'Raw Data'!D:D,"Tuesday") -> 0.79333333 | C5: =AVERAGEIFS('Raw Data'!H:H,'Raw Data'!B:B,2,'Raw Data'!D:D,"Tuesday") -> 0.70833333 | D5: =AVERAGEIFS('Raw Data'!H:H,'Raw Data'!B:B,3,'Raw Data'!D:D,"Tuesday") -> 0.69375 | E5: =AVERAGEIFS('Raw Data'!H:H,'Raw Data'!B:B,4,'Raw Data'!D:D,"Tuesday") -> 0.76 | F5: =AVERAGEIFS('Raw Data'!H:H,'Raw Data'!B:B,5,'Raw Data'!D:D,"Tuesday") -> 0.7375 | G5: =AVERAGEIFS('Raw Data'!H:H,'Raw Data'!B:B,6,'Raw Data'!D:D,"Tuesday") -> 0.775 | H5: =AVERAGEIFS('Raw Data'!H:H,'Raw Data'!B:B,7,'Raw Data'!D:D,"Tuesday") -> 0.86 | I5: =AVERAGEIFS('Raw Data'!H:H,'Raw Data'!B:B,8,'Raw Data'!D:D,"Tuesday") -> 0.72083333 | J5: =AVERAGEIFS('Raw Data'!H:H,'Raw Data'!B:B,9,'Raw Data'!D:D,"Tuesday") -> 0.8125 | K5: =AVERAGEIFS('Raw Data'!H:H,'Raw Data'!B:B,10,'Raw Data'!D:D,"Tuesday") -> 0.81666667 | L5: =AVERAGEIFS('Raw Data'!H:H,'Raw Data'!B:B,12,'Raw Data'!D:D,"Tuesday") -> 0.795 | M5: =AVERAGEIFS('Raw Data'!H:H,'Raw Data'!B:B,12,'Raw Data'!D:D,"Tuesday") -> 0.795 | N5: =AVERAGE(B5:M5) -> 0.77232639
A6: Wednesday | B6: =AVERAGEIFS('Raw Data'!H:H,'Raw Data'!B:B,1,'Raw Data'!D:D,"Wednesday") -> 0.815 | C6: =AVERAGEIFS('Raw Data'!H:H,'Raw Data'!B:B,2,'Raw Data'!D:D,"Wednesday") -> 0.825 | D6: =AVERAGEIFS('Raw Data'!H:H,'Raw Data'!B:B,3,'Raw Data'!D:D,"Wednesday") -> 0.71041667 | E6: =AVERAGEIFS('Raw Data'!H:H,'Raw Data'!B:B,4,'Raw Data'!D:D,"Wednesday") -> 0.89375 | F6: =AVERAGEIFS('Raw Data'!H:H,'Raw Data'!B:B,5,'Raw Data'!D:D,"Wednesday") -> 0.77666667 | G6: =AVERAGEIFS('Raw Data'!H:H,'Raw Data'!B:B,6,'Raw Data'!D:D,"Wednesday") -> 0.75833333 | H6: =AVERAGEIFS('Raw Data'!H:H,'Raw Data'!B:B,7,'Raw Data'!D:D,"Wednesday") -> 0.76833333 | I6: =AVERAGEIFS('Raw Data'!H:H,'Raw Data'!B:B,8,'Raw Data'!D:D,"Wednesday") -> 0.75625 | J6: =AVERAGEIFS('Raw Data'!H:H,'Raw Data'!B:B,9,'Raw Data'!D:D,"Wednesday") -> 0.7 | K6: =AVERAGEIFS('Raw Data'!H:H,'Raw Data'!B:B,10,'Raw Data'!D:D,"Wednesday") -> 0.78 | L6: =AVERAGEIFS('Raw Data'!H:H,'Raw Data'!B:B,11,'Raw Data'!D:D,"Wednesday") -> 0.8375 | M6: =AVERAGEIFS('Raw Data'!H:H,'Raw Data'!B:B,12,'Raw Data'!D:D,"Wednesday") -> 0.69583333 | N6: =AVERAGE(B6:M6) -> 0.77642361
A7: Thursday | B7: =AVERAGEIFS('Raw Data'!H:H,'Raw Data'!B:B,1,'Raw Data'!D:D,"Thursday") -> 0.68125 | C7: =AVERAGEIFS('Raw Data'!H:H,'Raw Data'!B:B,2,'Raw Data'!D:D,"Thursday") -> 0.81666667 | D7: =AVERAGEIFS('Raw Data'!H:H,'Raw Data'!B:B,3,'Raw Data'!D:D,"Thursday") -> 0.75208333 | E7: =AVERAGEIFS('Raw Data'!H:H,'Raw Data'!B:B,4,'Raw Data'!D:D,"Thursday") -> 0.79166667 | F7: =AVERAGEIFS('Raw Data'!H:H,'Raw Data'!B:B,5,'Raw Data'!D:D,"Thursday") -> 0.91333333 | G7: =AVERAGEIFS('Raw Data'!H:H,'Raw Data'!B:B,6,'Raw Data'!D:D,"Thursday") -> 0.64791667 | H7: =AVERAGEIFS('Raw Data'!H:H,'Raw Data'!B:B,7,'Raw Data'!D:D,"Thursday") -> 0.80625 | I7: =AVERAGEIFS('Raw Data'!H:H,'Raw Data'!B:B,8,'Raw Data'!D:D,"Thursday") -> 0.755 | J7: =AVERAGEIFS('Raw Data'!H:H,'Raw Data'!B:B,9,'Raw Data'!D:D,"Thursday") -> 0.6625 | K7: =AVERAGEIFS('Raw Data'!H:H,'Raw Data'!B:B,10,'Raw Data'!D:D,"Thursday") -> 0.72 | L7: =AVERAGEIFS('Raw Data'!H:H,'Raw Data'!B:B,11,'Raw Data'!D:D,"Thursday") -> 0.93125 | M7: =AVERAGEIFS('Raw Data'!H:H,'Raw Data'!B:B,12,'Raw Data'!D:D,"Thursday") -> 0.87291667 | N7: =AVERAGE(B7:M7) -> 0.77923611
A8: Friday | B8: =AVERAGEIFS('Raw Data'!H:H,'Raw Data'!B:B,1,'Raw Data'!D:D,"Friday") -> 0.8 | C8: =AVERAGEIFS('Raw Data'!H:H,'Raw Data'!B:B,2,'Raw Data'!D:D,"Friday") -> 0.77083333 | D8: =AVERAGEIFS('Raw Data'!H:H,'Raw Data'!B:B,3,'Raw Data'!D:D,"Friday") -> 0.88666667 | E8: =AVERAGEIFS('Raw Data'!H:H,'Raw Data'!B:B,4,'Raw Data'!D:D,"Friday") -> 0.78958333 | F8: =AVERAGEIFS('Raw Data'!H:H,'Raw Data'!B:B,5,'Raw Data'!D:D,"Friday") -> 0.76166667 | G8: =AVERAGEIFS('Raw Data'!H:H,'Raw Data'!B:B,6,'Raw Data'!D:D,"Friday") -> 0.90625 | H8: =AVERAGEIFS('Raw Data'!H:H,'Raw Data'!B:B,7,'Raw Data'!D:D,"Friday") -> 0.825 | I8: =AVERAGEIFS('Raw Data'!H:H,'Raw Data'!B:B,8,'Raw Data'!D:D,"Friday") -> 0.85166667 | J8: =AVERAGEIFS('Raw Data'!H:H,'Raw Data'!B:B,9,'Raw Data'!D:D,"Friday") -> 0.8375 | K8: =AVERAGEIFS('Raw Data'!H:H,'Raw Data'!B:B,10,'Raw Data'!D:D,"Friday") -> 0.84375 | L8: =AVERAGEIFS('Raw Data'!H:H,'Raw Data'!B:B,11,'Raw Data'!D:D,"Friday") -> 0.785 | M8: =AVERAGEIFS('Raw Data'!H:H,'Raw Data'!B:B,12,'Raw Data'!D:D,"Friday") -> 0.86875 | N8: =AVERAGE(B8:M8) -> 0.82722222
A9: Saturday | B9: =AVERAGEIFS('Raw Data'!H:H,'Raw Data'!B:B,1,'Raw Data'!D:D,"Saturday") -> 0.84166667 | C9: =AVERAGEIFS('Raw Data'!H:H,'Raw Data'!B:B,2,'Raw Data'!D:D,"Saturday") -> 0.74791667 | D9: =AVERAGEIFS('Raw Data'!H:H,'Raw Data'!B:B,3,'Raw Data'!D:D,"Saturday") -> 0.74833333 | E9: =AVERAGEIFS('Raw Data'!H:H,'Raw Data'!B:B,4,'Raw Data'!D:D,"Saturday") -> 0.78541667 | F9: =AVERAGEIFS('Raw Data'!H:H,'Raw Data'!B:B,5,'Raw Data'!D:D,"Saturday") -> 0.79791667 | G9: =AVERAGEIFS('Raw Data'!H:H,'Raw Data'!B:B,6,'Raw Data'!D:D,"Saturday") -> 0.705 | H9: =AVERAGEIFS('Raw Data'!H:H,'Raw Data'!B:B,7,'Raw Data'!D:D,"Saturday") -> 0.73125 | I9: =AVERAGEIFS('Raw Data'!H:H,'Raw Data'!B:B,8,'Raw Data'!D:D,"Saturday") -> 0.83666667 | J9: =AVERAGEIFS('Raw Data'!H:H,'Raw Data'!B:B,9,'Raw Data'!D:D,"Saturday") -> 0.675 | K9: =AVERAGEIFS('Raw Data'!H:H,'Raw Data'!B:B,10,'Raw Data'!D:D,"Saturday") -> 0.82291667 | L9: =AVERAGEIFS('Raw Data'!H:H,'Raw Data'!B:B,11,'Raw Data'!D:D,"Saturday") -> 0.715 | M9: =AVERAGEIFS('Raw Data'!H:H,'Raw Data'!B:B,12,'Raw Data'!D:D,"Saturday") -> 0.81458333 | N9: =AVERAGE(B9:M9) -> 0.76847222
A10: Sunday | B10: =AVERAGEIFS('Raw Data'!H:H,'Raw Data'!B:B,1,'Raw Data'!D:D,"Sunday") -> 0.6875 | C10: =AVERAGEIFS('Raw Data'!H:H,'Raw Data'!B:B,2,'Raw Data'!D:D,"Sunday") -> 0.79791667 | D10: =AVERAGEIFS('Raw Data'!H:H,'Raw Data'!B:B,3,'Raw Data'!D:D,"Sunday") -> 0.765 | E10: =AVERAGEIFS('Raw Data'!H:H,'Raw Data'!B:B,4,'Raw Data'!D:D,"Sunday") -> 0.74166667 | F10: =AVERAGEIFS('Raw Data'!H:H,'Raw Data'!B:B,5,'Raw Data'!D:D,"Sunday") -> 0.76666667 | G10: =AVERAGEIFS('Raw Data'!H:H,'Raw Data'!B:B,6,'Raw Data'!D:D,"Sunday") -> 0.71333333 | H10: =AVERAGEIFS('Raw Data'!H:H,'Raw Data'!B:B,7,'Raw Data'!D:D,"Sunday") -> 0.775 | I10: =AVERAGEIFS('Raw Data'!H:H,'Raw Data'!B:B,8,'Raw Data'!D:D,"Sunday") -> 0.8 | J10: =AVERAGEIFS('Raw Data'!H:H,'Raw Data'!B:B,9,'Raw Data'!D:D,"Sunday") -> 0.82 | K10: =AVERAGEIFS('Raw Data'!H:H,'Raw Data'!B:B,10,'Raw Data'!D:D,"Sunday") -> 0.87291667 | L10: =AVERAGEIFS('Raw Data'!H:H,'Raw Data'!B:B,11,'Raw Data'!D:D,"Sunday") -> 0.8375 | M10: =AVERAGEIFS('Raw Data'!H:H,'Raw Data'!B:B,12,'Raw Data'!D:D,"Sunday") -> 0.81 | N10: =AVERAGE(B10:M10) -> 0.78229167
A11: Monthly Avg | B11: =AVERAGE(B4:B10) -> 0.77577381 | C11: 0.791 | D11: 0.754 | E11: =AVERAGE(E4:E10) -> 0.79125 | F11: =AVERAGE(F4:F10) -> 0.78416667 | G11: =AVERAGE(G4:G10) -> 0.75589286 | H11: =AVERAGE(H4:H10) -> 0.80202381 | I11: =AVERAGE(I4:I10) -> 0.79636905 | J11: =AVERAGE(J4:J10) -> 0.75607143 | K11: =AVERAGE(K4:K10) -> 0.81071429 | L11: 0.812 | M11: =AVERAGE(M4:M10) -> 0.79577381 | N11: =AVERAGE(N4:N10) -> 0.78537202

Sheet Dashboard
I1: Hotel Revenue Dashboard 2024
I3: Total Revenue | K3: Avg Occupancy | M3: Avg RevPAR
I4: ='Monthly Summary'!C16 -> 630120 | K4: ='Monthly Summary'!E16 -> 0.78499328 | M4: ='Monthly Summary'!G16 -> 69.864402
